Workbook

Sheet Summary
A1: Servo calibration — comparison of all three arms
A2: Nothing to fill in here: it reads the D9 / D10 / D11 sheets. The odd one out should stand out.
A3: Rough guide: error vs config > 2° → recalibrate; off the straight line > 1.5° → consider a lookup table; backlash > 1° → mechanical or servo.
B5: D9 (Arm 1) | C5: D10 (Arm 2) | D5: D11 (Arm 3)
A6: Points measured | B6: =D9!C28 | C6: =D10!C28 | D6: =D11!C28
A7: Current centre_us | B7: =D9!C8 | C7: =D10!C8 | D7: =D11!C8
A8: New centre_us (fit) | B8: =D9!C32 | C8: =D10!C32 | D8: =D11!C32
A9: Current us_per_deg | B9: =D9!C9 | C9: =D10!C9 | D9: =D11!C9
A10: New us_per_deg (fit) | B10: =D9!C31 | C10: =D10!C31 | D10: =D11!C31
A11: Worst error vs current config (°) | B11: =D9!C33 | C11: =D10!C33 | D11: =D11!C33
A12: Worst distance from straight line (°) | B12: =D9!C34 | C12: =D10!C34 | D12: =D11!C34
A13: Worst backlash (°) | B13: =D9!E42 | C13: =D10!E42 | D13: =D11!E42

Sheet D9
A1: Servo sweep — D9 (Arm 1)
A2: Ruler method: a and b are measured straight down from the underside of the top plate to each mark.
A3: Fill in only the YELLOW cells. Everything else calculates itself.
A4: θ = asin((b − a) / L). Positive θ = bicep DOWN (elbow end lower), matching config.h.
A5: Serial Monitor: type 9 1200 then n for each next step.
A7: L = distance between the two marks, along the arm (mm)
A8: Current config.h centre_us | C8: 1460
A9: Current config.h us_per_deg (dir = +1) | C9: 11.8231
A11: Step 5 (1840 µs) is the turnaround point, so it has no up/down pair.
A13: Step | B13: Direction | C13: Pulse (µs) | D13: a (mm) | E13: b (mm) | F13: b − a (mm) | G13: Measured θ (°) | H13: θ config expects (°) | I13: Error vs config (°) | J13: Straight-line fit (°) | K13: Off the fit by (°) | L13: Notes | M13: fit helpers (ignore)
A14: e.g. | B14: up | C14: 1200 | D14: 52 | E14: 30.5 | F14: =E14-D14 | G14: =DEGREES(ASIN(F14/150)) | L14: Example only, with L = 150 mm
A16: 1 | B16: up | C16: 1200 | F16: =IF(OR(D16="",E16=""),"",E16-D16) | G16: =IF(OR(F16="",$C$7=""),"",IFERROR(DEGREES(ASIN(F16/$C$7)),"check a/b/L")) | H16: =(C16-$C$8)/$C$9 | I16: =IF(ISNUMBER(G16),G16-H16,"") | J16: =IF(AND(ISNUMBER(G16),ISNUMBER($C$29)),$C$29*C16+$C$30,"") | K16: =IF(ISNUMBER(J16),G16-J16,"") | M16: =IF(ISNUMBER(G16),C16,0) | N16: =IF(ISNUMBER(G16),G16,0) | O16: =M16*N16 | P16: =M16*M16
A17: 2 | B17: up | C17: 1360 | F17: =IF(OR(D17="",E17=""),"",E17-D17) | G17: =IF(OR(F17="",$C$7=""),"",IFERROR(DEGREES(ASIN(F17/$C$7)),"check a/b/L")) | H17: =(C17-$C$8)/$C$9 | I17: =IF(ISNUMBER(G17),G17-H17,"") | J17: =IF(AND(ISNUMBER(G17),ISNUMBER($C$29)),$C$29*C17+$C$30,"") | K17: =IF(ISNUMBER(J17),G17-J17,"") | M17: =IF(ISNUMBER(G17),C17,0) | N17: =IF(ISNUMBER(G17),G17,0) | O17: =M17*N17 | P17: =M17*M17
A18: 3 | B18: up | C18: 1520 | F18: =IF(OR(D18="",E18=""),"",E18-D18) | G18: =IF(OR(F18="",$C$7=""),"",IFERROR(DEGREES(ASIN(F18/$C$7)),"check a/b/L")) | H18: =(C18-$C$8)/$C$9 | I18: =IF(ISNUMBER(G18),G18-H18,"") | J18: =IF(AND(ISNUMBER(G18),ISNUMBER($C$29)),$C$29*C18+$C$30,"") | K18: =IF(ISNUMBER(J18),G18-J18,"") | M18: =IF(ISNUMBER(G18),C18,0) | N18: =IF(ISNUMBER(G18),G18,0) | O18: =M18*N18 | P18: =M18*M18
A19: 4 | B19: up | C19: 1680 | F19: =IF(OR(D19="",E19=""),"",E19-D19) | G19: =IF(OR(F19="",$C$7=""),"",IFERROR(DEGREES(ASIN(F19/$C$7)),"check a/b/L")) | H19: =(C19-$C$8)/$C$9 | I19: =IF(ISNUMBER(G19),G19-H19,"") | J19: =IF(AND(ISNUMBER(G19),ISNUMBER($C$29)),$C$29*C19+$C$30,"") | K19: =IF(ISNUMBER(J19),G19-J19,"") | M19: =IF(ISNUMBER(G19),C19,0) | N19: =IF(ISNUMBER(G19),G19,0) | O19: =M19*N19 | P19: =M19*M19
A20: 5 | B20: top | C20: 1840 | F20: =IF(OR(D20="",E20=""),"",E20-D20) | G20: =IF(OR(F20="",$C$7=""),"",IFERROR(DEGREES(ASIN(F20/$C$7)),"check a/b/L")) | H20: =(C20-$C$8)/$C$9 | I20: =IF(ISNUMBER(G20),G20-H20,"") | J20: =IF(AND(ISNUMBER(G20),ISNUMBER($C$29)),$C$29*C20+$C$30,"") | K20: =IF(ISNUMBER(J20),G20-J20,"") | M20: =IF(ISNUMBER(G20),C20,0) | N20: =IF(ISNUMBER(G20),G20,0) | O20: =M20*N20 | P20: =M20*M20
A21: 6 | B21: down | C21: 1680 | F21: =IF(OR(D21="",E21=""),"",E21-D21) | G21: =IF(OR(F21="",$C$7=""),"",IFERROR(DEGREES(ASIN(F21/$C$7)),"check a/b/L")) | H21: =(C21-$C$8)/$C$9 | I21: =IF(ISNUMBER(G21),G21-H21,"") | J21: =IF(AND(ISNUMBER(G21),ISNUMBER($C$29)),$C$29*C21+$C$30,"") | K21: =IF(ISNUMBER(J21),G21-J21,"") | M21: =IF(ISNUMBER(G21),C21,0) | N21: =IF(ISNUMBER(G21),G21,0) | O21: =M21*N21 | P21: =M21*M21
A22: 7 | B22: down | C22: 1520 | F22: =IF(OR(D22="",E22=""),"",E22-D22) | G22: =IF(OR(F22="",$C$7=""),"",IFERROR(DEGREES(ASIN(F22/$C$7)),"check a/b/L")) | H22: =(C22-$C$8)/$C$9 | I22: =IF(ISNUMBER(G22),G22-H22,"") | J22: =IF(AND(ISNUMBER(G22),ISNUMBER($C$29)),$C$29*C22+$C$30,"") | K22: =IF(ISNUMBER(J22),G22-J22,"") | M22: =IF(ISNUMBER(G22),C22,0) | N22: =IF(ISNUMBER(G22),G22,0) | O22: =M22*N22 | P22: =M22*M22
A23: 8 | B23: down | C23: 1360 | F23: =IF(OR(D23="",E23=""),"",E23-D23) | G23: =IF(OR(F23="",$C$7=""),"",IFERROR(DEGREES(ASIN(F23/$C$7)),"check a/b/L")) | H23: =(C23-$C$8)/$C$9 | I23: =IF(ISNUMBER(G23),G23-H23,"") | J23: =IF(AND(ISNUMBER(G23),ISNUMBER($C$29)),$C$29*C23+$C$30,"") | K23: =IF(ISNUMBER(J23),G23-J23,"") | M23: =IF(ISNUMBER(G23),C23,0) | N23: =IF(ISNUMBER(G23),G23,0) | O23: =M23*N23 | P23: =M23*M23
A24: 9 | B24: down | C24: 1200 | F24: =IF(OR(D24="",E24=""),"",E24-D24) | G24: =IF(OR(F24="",$C$7=""),"",IFERROR(DEGREES(ASIN(F24/$C$7)),"check a/b/L")) | H24: =(C24-$C$8)/$C$9 | I24: =IF(ISNUMBER(G24),G24-H24,"") | J24: =IF(AND(ISNUMBER(G24),ISNUMBER($C$29)),$C$29*C24+$C$30,"") | K24: =IF(ISNUMBER(J24),G24-J24,"") | M24: =IF(ISNUMBER(G24),C24,0) | N24: =IF(ISNUMBER(G24),G24,0) | O24: =M24*N24 | P24: =M24*M24
A27: Results (fill in at least 3 steps)
A28: Points measured | C28: =COUNT(G16:G24)
A29: Fit slope (° per µs) | C29: =IF(C28>=3,(C28*SUM(O16:O24)-SUM(M16:M24)*SUM(N16:N24))/(C28*SUM(P16:P24)-SUM(M16:M24)^2),"")
A30: Fit intercept (°) | C30: =IF(C28>=3,(SUM(N16:N24)-C29*SUM(M16:M24))/C28,"")
A31: New us_per_deg (from fit) | C31: =IF(ISNUMBER(C29),1/C29,"")
A32: New centre_us (µs where θ = 0) | C32: =IF(ISNUMBER(C29),-C30/C29,"")
A33: Worst error vs current config (°) | C33: =IF(C28>0,MAX(MAX(I16:I24),-MIN(I16:I24)),"")
A34: Worst distance from straight line (°) | C34: =IF(C28>=3,MAX(MAX(K16:K24),-MIN(K16:K24)),"")
A36: Up vs down at the same pulse (backlash)
A37: Pulse (µs) | C37: θ going up (°) | D37: θ coming down (°) | E37: Down − up (°)
A38: 1200 | C38: =G16 | D38: =G24 | E38: =IF(AND(ISNUMBER(C38),ISNUMBER(D38)),D38-C38,"")
A39: 1360 | C39: =G17 | D39: =G23 | E39: =IF(AND(ISNUMBER(C39),ISNUMBER(D39)),D39-C39,"")
A40: 1520 | C40: =G18 | D40: =G22 | E40: =IF(AND(ISNUMBER(C40),ISNUMBER(D40)),D40-C40,"")
A41: 1680 | C41: =G19 | D41: =G21 | E41: =IF(AND(ISNUMBER(C41),ISNUMBER(D41)),D41-C41,"")
A42: Worst backlash (°) | E42: =IF(COUNT(E38:E41)>0,MAX(MAX(E38:E41),-MIN(E38:E41)),"")

Sheet D10
A1: Servo sweep — D10 (Arm 2)
A2: Ruler method: a and b are measured straight down from the underside of the top plate to each mark.
A3: Fill in only the YELLOW cells. Everything else calculates itself.
A4: θ = asin((b − a) / L). Positive θ = bicep DOWN (elbow end lower), matching config.h.
A5: Serial Monitor: type 10 1200 then n for each next step.
A7: L = distance between the two marks, along the arm (mm)
A8: Current config.h centre_us | C8: 1385
A9: Current config.h us_per_deg (dir = +1) | C9: 10.0481
A11: Step 5 (1840 µs) is the turnaround point, so it has no up/down pair.
A13: Step | B13: Direction | C13: Pulse (µs) | D13: a (mm) | E13: b (mm) | F13: b − a (mm) | G13: Measured θ (°) | H13: θ config expects (°) | I13: Error vs config (°) | J13: Straight-line fit (°) | K13: Off the fit by (°) | L13: Notes | M13: fit helpers (ignore)
A14: e.g. | B14: up | C14: 1200 | D14: 52 | E14: 30.5 | F14: =E14-D14 | G14: =DEGREES(ASIN(F14/150)) | L14: Example only, with L = 150 mm
A16: 1 | B16: up | C16: 1200 | F16: =IF(OR(D16="",E16=""),"",E16-D16) | G16: =IF(OR(F16="",$C$7=""),"",IFERROR(DEGREES(ASIN(F16/$C$7)),"check a/b/L")) | H16: =(C16-$C$8)/$C$9 | I16: =IF(ISNUMBER(G16),G16-H16,"") | J16: =IF(AND(ISNUMBER(G16),ISNUMBER($C$29)),$C$29*C16+$C$30,"") | K16: =IF(ISNUMBER(J16),G16-J16,"") | M16: =IF(ISNUMBER(G16),C16,0) | N16: =IF(ISNUMBER(G16),G16,0) | O16: =M16*N16 | P16: =M16*M16
A17: 2 | B17: up | C17: 1360 | F17: =IF(OR(D17="",E17=""),"",E17-D17) | G17: =IF(OR(F17="",$C$7=""),"",IFERROR(DEGREES(ASIN(F17/$C$7)),"check a/b/L")) | H17: =(C17-$C$8)/$C$9 | I17: =IF(ISNUMBER(G17),G17-H17,"") | J17: =IF(AND(ISNUMBER(G17),ISNUMBER($C$29)),$C$29*C17+$C$30,"") | K17: =IF(ISNUMBER(J17),G17-J17,"") | M17: =IF(ISNUMBER(G17),C17,0) | N17: =IF(ISNUMBER(G17),G17,0) | O17: =M17*N17 | P17: =M17*M17
A18: 3 | B18: up | C18: 1520 | F18: =IF(OR(D18="",E18=""),"",E18-D18) | G18: =IF(OR(F18="",$C$7=""),"",IFERROR(DEGREES(ASIN(F18/$C$7)),"check a/b/L")) | H18: =(C18-$C$8)/$C$9 | I18: =IF(ISNUMBER(G18),G18-H18,"") | J18: =IF(AND(ISNUMBER(G18),ISNUMBER($C$29)),$C$29*C18+$C$30,"") | K18: =IF(ISNUMBER(J18),G18-J18,"") | M18: =IF(ISNUMBER(G18),C18,0) | N18: =IF(ISNUMBER(G18),G18,0) | O18: =M18*N18 | P18: =M18*M18
A19: 4 | B19: up | C19: 1680 | F19: =IF(OR(D19="",E19=""),"",E19-D19) | G19: =IF(OR(F19="",$C$7=""),"",IFERROR(DEGREES(ASIN(F19/$C$7)),"check a/b/L")) | H19: =(C19-$C$8)/$C$9 | I19: =IF(ISNUMBER(G19),G19-H19,"") | J19: =IF(AND(ISNUMBER(G19),ISNUMBER($C$29)),$C$29*C19+$C$30,"") | K19: =IF(ISNUMBER(J19),G19-J19,"") | M19: =IF(ISNUMBER(G19),C19,0) | N19: =IF(ISNUMBER(G19),G19,0) | O19: =M19*N19 | P19: =M19*M19
A20: 5 | B20: top | C20: 1840 | F20: =IF(OR(D20="",E20=""),"",E20-D20) | G20: =IF(OR(F20="",$C$7=""),"",IFERROR(DEGREES(ASIN(F20/$C$7)),"check a/b/L")) | H20: =(C20-$C$8)/$C$9 | I20: =IF(ISNUMBER(G20),G20-H20,"") | J20: =IF(AND(ISNUMBER(G20),ISNUMBER($C$29)),$C$29*C20+$C$30,"") | K20: =IF(ISNUMBER(J20),G20-J20,"") | M20: =IF(ISNUMBER(G20),C20,0) | N20: =IF(ISNUMBER(G20),G20,0) | O20: =M20*N20 | P20: =M20*M20
A21: 6 | B21: down | C21: 1680 | F21: =IF(OR(D21="",E21=""),"",E21-D21) | G21: =IF(OR(F21="",$C$7=""),"",IFERROR(DEGREES(ASIN(F21/$C$7)),"check a/b/L")) | H21: =(C21-$C$8)/$C$9 | I21: =IF(ISNUMBER(G21),G21-H21,"") | J21: =IF(AND(ISNUMBER(G21),ISNUMBER($C$29)),$C$29*C21+$C$30,"") | K21: =IF(ISNUMBER(J21),G21-J21,"") | M21: =IF(ISNUMBER(G21),C21,0) | N21: =IF(ISNUMBER(G21),G21,0) | O21: =M21*N21 | P21: =M21*M21
A22: 7 | B22: down | C22: 1520 | F22: =IF(OR(D22="",E22=""),"",E22-D22) | G22: =IF(OR(F22="",$C$7=""),"",IFERROR(DEGREES(ASIN(F22/$C$7)),"check a/b/L")) | H22: =(C22-$C$8)/$C$9 | I22: =IF(ISNUMBER(G22),G22-H22,"") | J22: =IF(AND(ISNUMBER(G22),ISNUMBER($C$29)),$C$29*C22+$C$30,"") | K22: =IF(ISNUMBER(J22),G22-J22,"") | M22: =IF(ISNUMBER(G22),C22,0) | N22: =IF(ISNUMBER(G22),G22,0) | O22: =M22*N22 | P22: =M22*M22
A23: 8 | B23: down | C23: 1360 | F23: =IF(OR(D23="",E23=""),"",E23-D23) | G23: =IF(OR(F23="",$C$7=""),"",IFERROR(DEGREES(ASIN(F23/$C$7)),"check a/b/L")) | H23: =(C23-$C$8)/$C$9 | I23: =IF(ISNUMBER(G23),G23-H23,"") | J23: =IF(AND(ISNUMBER(G23),ISNUMBER($C$29)),$C$29*C23+$C$30,"") | K23: =IF(ISNUMBER(J23),G23-J23,"") | M23: =IF(ISNUMBER(G23),C23,0) | N23: =IF(ISNUMBER(G23),G23,0) | O23: =M23*N23 | P23: =M23*M23
A24: 9 | B24: down | C24: 1200 | F24: =IF(OR(D24="",E24=""),"",E24-D24) | G24: =IF(OR(F24="",$C$7=""),"",IFERROR(DEGREES(ASIN(F24/$C$7)),"check a/b/L")) | H24: =(C24-$C$8)/$C$9 | I24: =IF(ISNUMBER(G24),G24-H24,"") | J24: =IF(AND(ISNUMBER(G24),ISNUMBER($C$29)),$C$29*C24+$C$30,"") | K24: =IF(ISNUMBER(J24),G24-J24,"") | M24: =IF(ISNUMBER(G24),C24,0) | N24: =IF(ISNUMBER(G24),G24,0) | O24: =M24*N24 | P24: =M24*M24
A27: Results (fill in at least 3 steps)
A28: Points measured | C28: =COUNT(G16:G24)
A29: Fit slope (° per µs) | C29: =IF(C28>=3,(C28*SUM(O16:O24)-SUM(M16:M24)*SUM(N16:N24))/(C28*SUM(P16:P24)-SUM(M16:M24)^2),"")
A30: Fit intercept (°) | C30: =IF(C28>=3,(SUM(N16:N24)-C29*SUM(M16:M24))/C28,"")
A31: New us_per_deg (from fit) | C31: =IF(ISNUMBER(C29),1/C29,"")
A32: New centre_us (µs where θ = 0) | C32: =IF(ISNUMBER(C29),-C30/C29,"")
A33: Worst error vs current config (°) | C33: =IF(C28>0,MAX(MAX(I16:I24),-MIN(I16:I24)),"")
A34: Worst distance from straight line (°) | C34: =IF(C28>=3,MAX(MAX(K16:K24),-MIN(K16:K24)),"")
A36: Up vs down at the same pulse (backlash)
A37: Pulse (µs) | C37: θ going up (°) | D37: θ coming down (°) | E37: Down − up (°)
A38: 1200 | C38: =G16 | D38: =G24 | E38: =IF(AND(ISNUMBER(C38),ISNUMBER(D38)),D38-C38,"")
A39: 1360 | C39: =G17 | D39: =G23 | E39: =IF(AND(ISNUMBER(C39),ISNUMBER(D39)),D39-C39,"")
A40: 1520 | C40: =G18 | D40: =G22 | E40: =IF(AND(ISNUMBER(C40),ISNUMBER(D40)),D40-C40,"")
A41: 1680 | C41: =G19 | D41: =G21 | E41: =IF(AND(ISNUMBER(C41),ISNUMBER(D41)),D41-C41,"")
A42: Worst backlash (°) | E42: =IF(COUNT(E38:E41)>0,MAX(MAX(E38:E41),-MIN(E38:E41)),"")

Sheet D11
A1: Servo sweep — D11 (Arm 3)
A2: Ruler method: a and b are measured straight down from the underside of the top plate to each mark.
A3: Fill in only the YELLOW cells. Everything else calculates itself.
A4: θ = asin((b − a) / L). Positive θ = bicep DOWN (elbow end lower), matching config.h.
A5: Serial Monitor: type 11 1200 then n for each next step.
A7: L = distance between the two marks, along the arm (mm)
A8: Current config.h centre_us | C8: 1410
A9: Current config.h us_per_deg (dir = +1) | C9: 10.5544
A11: Step 5 (1840 µs) is the turnaround point, so it has no up/down pair.
A13: Step | B13: Direction | C13: Pulse (µs) | D13: a (mm) | E13: b (mm) | F13: b − a (mm) | G13: Measured θ (°) | H13: θ config expects (°) | I13: Error vs config (°) | J13: Straight-line fit (°) | K13: Off the fit by (°) | L13: Notes | M13: fit helpers (ignore)
A14: e.g. | B14: up | C14: 1200 | D14: 52 | E14: 30.5 | F14: =E14-D14 | G14: =DEGREES(ASIN(F14/150)) | L14: Example only, with L = 150 mm
A16: 1 | B16: up | C16: 1200 | F16: =IF(OR(D16="",E16=""),"",E16-D16) | G16: =IF(OR(F16="",$C$7=""),"",IFERROR(DEGREES(ASIN(F16/$C$7)),"check a/b/L")) | H16: =(C16-$C$8)/$C$9 | I16: =IF(ISNUMBER(G16),G16-H16,"") | J16: =IF(AND(ISNUMBER(G16),ISNUMBER($C$29)),$C$29*C16+$C$30,"") | K16: =IF(ISNUMBER(J16),G16-J16,"") | M16: =IF(ISNUMBER(G16),C16,0) | N16: =IF(ISNUMBER(G16),G16,0) | O16: =M16*N16 | P16: =M16*M16
A17: 2 | B17: up | C17: 1360 | F17: =IF(OR(D17="",E17=""),"",E17-D17) | G17: =IF(OR(F17="",$C$7=""),"",IFERROR(DEGREES(ASIN(F17/$C$7)),"check a/b/L")) | H17: =(C17-$C$8)/$C$9 | I17: =IF(ISNUMBER(G17),G17-H17,"") | J17: =IF(AND(ISNUMBER(G17),ISNUMBER($C$29)),$C$29*C17+$C$30,"") | K17: =IF(ISNUMBER(J17),G17-J17,"") | M17: =IF(ISNUMBER(G17),C17,0) | N17: =IF(ISNUMBER(G17),G17,0) | O17: =M17*N17 | P17: =M17*M17
A18: 3 | B18: up | C18: 1520 | F18: =IF(OR(D18="",E18=""),"",E18-D18) | G18: =IF(OR(F18="",$C$7=""),"",IFERROR(DEGREES(ASIN(F18/$C$7)),"check a/b/L")) | H18: =(C18-$C$8)/$C$9 | I18: =IF(ISNUMBER(G18),G18-H18,"") | J18: =IF(AND(ISNUMBER(G18),ISNUMBER($C$29)),$C$29*C18+$C$30,"") | K18: =IF(ISNUMBER(J18),G18-J18,"") | M18: =IF(ISNUMBER(G18),C18,0) | N18: =IF(ISNUMBER(G18),G18,0) | O18: =M18*N18 | P18: =M18*M18
A19: 4 | B19: up | C19: 1680 | F19: =IF(OR(D19="",E19=""),"",E19-D19) | G19: =IF(OR(F19="",$C$7=""),"",IFERROR(DEGREES(ASIN(F19/$C$7)),"check a/b/L")) | H19: =(C19-$C$8)/$C$9 | I19: =IF(ISNUMBER(G19),G19-H19,"") | J19: =IF(AND(ISNUMBER(G19),ISNUMBER($C$29)),$C$29*C19+$C$30,"") | K19: =IF(ISNUMBER(J19),G19-J19,"") | M19: =IF(ISNUMBER(G19),C19,0) | N19: =IF(ISNUMBER(G19),G19,0) | O19: =M19*N19 | P19: =M19*M19
A20: 5 | B20: top | C20: 1840 | F20: =IF(OR(D20="",E20=""),"",E20-D20) | G20: =IF(OR(F20="",$C$7=""),"",IFERROR(DEGREES(ASIN(F20/$C$7)),"check a/b/L")) | H20: =(C20-$C$8)/$C$9 | I20: =IF(ISNUMBER(G20),G20-H20,"") | J20: =IF(AND(ISNUMBER(G20),ISNUMBER($C$29)),$C$29*C20+$C$30,"") | K20: =IF(ISNUMBER(J20),G20-J20,"") | M20: =IF(ISNUMBER(G20),C20,0) | N20: =IF(ISNUMBER(G20),G20,0) | O20: =M20*N20 | P20: =M20*M20
A21: 6 | B21: down | C21: 1680 | F21: =IF(OR(D21="",E21=""),"",E21-D21) | G21: =IF(OR(F21="",$C$7=""),"",IFERROR(DEGREES(ASIN(F21/$C$7)),"check a/b/L")) | H21: =(C21-$C$8)/$C$9 | I21: =IF(ISNUMBER(G21),G21-H21,"") | J21: =IF(AND(ISNUMBER(G21),ISNUMBER($C$29)),$C$29*C21+$C$30,"") | K21: =IF(ISNUMBER(J21),G21-J21,"") | M21: =IF(ISNUMBER(G21),C21,0) | N21: =IF(ISNUMBER(G21),G21,0) | O21: =M21*N21 | P21: =M21*M21
A22: 7 | B22: down | C22: 1520 | F22: =IF(OR(D22="",E22=""),"",E22-D22) | G22: =IF(OR(F22="",$C$7=""),"",IFERROR(DEGREES(ASIN(F22/$C$7)),"check a/b/L")) | H22: =(C22-$C$8)/$C$9 | I22: =IF(ISNUMBER(G22),G22-H22,"") | J22: =IF(AND(ISNUMBER(G22),ISNUMBER($C$29)),$C$29*C22+$C$30,"") | K22: =IF(ISNUMBER(J22),G22-J22,"") | M22: =IF(ISNUMBER(G22),C22,0) | N22: =IF(ISNUMBER(G22),G22,0) | O22: =M22*N22 | P22: =M22*M22
A23: 8 | B23: down | C23: 1360 | F23: =IF(OR(D23="",E23=""),"",E23-D23) | G23: =IF(OR(F23="",$C$7=""),"",IFERROR(DEGREES(ASIN(F23/$C$7)),"check a/b/L")) | H23: =(C23-$C$8)/$C$9 | I23: =IF(ISNUMBER(G23),G23-H23,"") | J23: =IF(AND(ISNUMBER(G23),ISNUMBER($C$29)),$C$29*C23+$C$30,"") | K23: =IF(ISNUMBER(J23),G23-J23,"") | M23: =IF(ISNUMBER(G23),C23,0) | N23: =IF(ISNUMBER(G23),G23,0) | O23: =M23*N23 | P23: =M23*M23
A24: 9 | B24: down | C24: 1200 | F24: =IF(OR(D24="",E24=""),"",E24-D24) | G24: =IF(OR(F24="",$C$7=""),"",IFERROR(DEGREES(ASIN(F24/$C$7)),"check a/b/L")) | H24: =(C24-$C$8)/$C$9 | I24: =IF(ISNUMBER(G24),G24-H24,"") | J24: =IF(AND(ISNUMBER(G24),ISNUMBER($C$29)),$C$29*C24+$C$30,"") | K24: =IF(ISNUMBER(J24),G24-J24,"") | M24: =IF(ISNUMBER(G24),C24,0) | N24: =IF(ISNUMBER(G24),G24,0) | O24: =M24*N24 | P24: =M24*M24
A27: Results (fill in at least 3 steps)
A28: Points measured | C28: =COUNT(G16:G24)
A29: Fit slope (° per µs) | C29: =IF(C28>=3,(C28*SUM(O16:O24)-SUM(M16:M24)*SUM(N16:N24))/(C28*SUM(P16:P24)-SUM(M16:M24)^2),"")
A30: Fit intercept (°) | C30: =IF(C28>=3,(SUM(N16:N24)-C29*SUM(M16:M24))/C28,"")
A31: New us_per_deg (from fit) | C31: =IF(ISNUMBER(C29),1/C29,"")
A32: New centre_us (µs where θ = 0) | C32: =IF(ISNUMBER(C29),-C30/C29,"")
A33: Worst error vs current config (°) | C33: =IF(C28>0,MAX(MAX(I16:I24),-MIN(I16:I24)),"")
A34: Worst distance from straight line (°) | C34: =IF(C28>=3,MAX(MAX(K16:K24),-MIN(K16:K24)),"")
A36: Up vs down at the same pulse (backlash)
A37: Pulse (µs) | C37: θ going up (°) | D37: θ coming down (°) | E37: Down − up (°)
A38: 1200 | C38: =G16 | D38: =G24 | E38: =IF(AND(ISNUMBER(C38),ISNUMBER(D38)),D38-C38,"")
A39: 1360 | C39: =G17 | D39: =G23 | E39: =IF(AND(ISNUMBER(C39),ISNUMBER(D39)),D39-C39,"")
A40: 1520 | C40: =G18 | D40: =G22 | E40: =IF(AND(ISNUMBER(C40),ISNUMBER(D40)),D40-C40,"")
A41: 1680 | C41: =G19 | D41: =G21 | E41: =IF(AND(ISNUMBER(C41),ISNUMBER(D41)),D41-C41,"")
A42: Worst backlash (°) | E42: =IF(COUNT(E38:E41)>0,MAX(MAX(E38:E41),-MIN(E38:E41)),"")
